{"cameraMode":{"drawMode":0,"name":"Shaded","section":"Shading Mode"},"sceneLighting":true,"audioPlay":false,"sceneViewState":{"m_AlwaysRefresh":false,"showFog":true,"showSkybox":true,"showFlares":true,"showImageEffects":true,"showParticleSystems":true,"showVisualEffectGraphs":true,"m_FxEnabled":true},"in2DMode":false,"pivot":{"x":-1.1739482879638672,"y":-0.5016691088676453,"z":-10.180272102355957},"rotation":{"x":-0.008953339420258999,"y":0.9743447303771973,"z":-0.22177833318710328,"w":-0.03887099027633667},"size":13.585777282714844,"orthographic":false}